LICENSE
README.md
pyproject.toml
setup.cfg
munity/__init__.py
munity/admin.py
munity/apps.py
munity/models.py
munity/rest.py
munity/tests.py
munity/utils.py
munity/views.py
munity/authenticate/views.py
munity/authorization/__init__.py
munity/authorization/admin.py
munity/authorization/apps.py
munity/authorization/models.py
munity/authorization/permissions.py
munity/authorization/tests.py
munity/authorization/views.py
munity/authorization/management/commands/__init__.py
munity/authorization/management/commands/initiate_default_authorization.py
munity/authorization/migrations/0001_initial.py
munity/authorization/migrations/0002_auto_20211017_2017.py
munity/authorization/migrations/0003_auto_20211017_2031.py
munity/authorization/migrations/0004_auto_20211017_2104.py
munity/authorization/migrations/0005_auto_20211017_2105.py
munity/authorization/migrations/0006_auto_20211019_0904.py
munity/authorization/migrations/0007_auto_20211202_2134.py
munity/authorization/migrations/__init__.py
munity/files/__init__.py
munity/files/apps.py
munity/files/models.py
munity/files/views.py
munity/files/migrations/0001_initial.py
munity/files/migrations/0002_file_generic_groups.py
munity/files/migrations/__init__.py
munity/generic_groups/__init__.py
munity/generic_groups/admin.py
munity/generic_groups/apps.py
munity/generic_groups/models.py
munity/generic_groups/views.py
munity/generic_groups//migrations/0001_initial.py
munity/generic_groups//migrations/0002_genericgroup_related_workspace.py
munity/generic_groups//migrations/0003_rename_related_workspace_genericgroup_workspace.py
munity/generic_groups//migrations/0004_remove_genericgroup_workspace.py
munity/generic_groups//migrations/0005_genericgroup_workspace.py
munity/generic_groups//migrations/0006_alter_genericgroup_workspace.py
munity/generic_groups//migrations/__init__.py
munity/generic_groups/migrations/0001_initial.py
munity/generic_groups/migrations/0002_genericgroup_related_workspace.py
munity/generic_groups/migrations/0003_rename_related_workspace_genericgroup_workspace.py
munity/generic_groups/migrations/0004_remove_genericgroup_workspace.py
munity/generic_groups/migrations/0005_genericgroup_workspace.py
munity/generic_groups/migrations/0006_alter_genericgroup_workspace.py
munity/generic_groups/migrations/__init__.py
munity/records/__init__.py
munity/records/admin.py
munity/records/models.py
munity/records/tests.py
munity/records/views.py
munity/records/migrations/0001_initial.py
munity/records/migrations/0002_record_user.py
munity/records/migrations/0003_record_related_workspace.py
munity/records/migrations/0004_rename_related_workspace_record_workspace.py
munity/records/migrations/0005_remove_record_workspace.py
munity/records/migrations/0006_record_workspace.py
munity/records/migrations/0007_alter_record_workspace.py
munity/records/migrations/0008_remove_record_model_name.py
munity/records/migrations/0009_auto_20211202_1229.py
munity/records/migrations/0010_auto_20211202_1252.py
munity/records/migrations/__init__.py
munity/settings/__init__.py
munity/settings/admin.py
munity/settings/apps.py
munity/settings/models.py
munity/settings/tests.py
munity/settings/views.py
munity/settings/migrations/0001_initial.py
munity/settings/migrations/0002_alter_settings_workspace.py
munity/settings/migrations/0003_settings_generic_groups.py
munity/settings/migrations/__init__.py
munity/users/__init__.py
munity/users/admin.py
munity/users/apps.py
munity/users/models.py
munity/users/tests.py
munity/users/views.py
munity/users/migrations/0001_initial.py
munity/users/migrations/0002_user_related_workspace.py
munity/users/migrations/0003_rename_related_workspace_user_workspace.py
munity/users/migrations/0004_remove_user_workspace.py
munity/users/migrations/0005_user_workspace.py
munity/users/migrations/0006_user_role.py
munity/users/migrations/0007_auto_20211018_0049.py
munity/users/migrations/0008_userrolegenericgroup.py
munity/users/migrations/0009_alter_userroleworkspace_workspace.py
munity/users/migrations/0010_alter_user_workspace.py
munity/users/migrations/0011_user_testt.py
munity/users/migrations/0012_remove_user_testt.py
munity/users/migrations/0013_usersviewset.py
munity/users/migrations/0014_auto_20211118_2146.py
munity/users/migrations/0015_auto_20211118_2214.py
munity/users/migrations/0016_auto_20211121_1907.py
munity/users/migrations/0017_alter_user_options.py
munity/users/migrations/0018_user_avatar.py
munity/users/migrations/0019_user_has_overmind_access.py
munity/users/migrations/0020_delete_usersviewset.py
munity/users/migrations/0021_user_phone_number.py
munity/users/migrations/__init__.py
munity/workspaces/__init__.py
munity/workspaces/admin.py
munity/workspaces/apps.py
munity/workspaces/models.py
munity/workspaces/tests.py
munity/workspaces/views.py
munity/workspaces/migrations/0001_initial.py
munity/workspaces/migrations/0002_auto_20211017_2017.py
munity/workspaces/migrations/0003_auto_20211017_2031.py
munity/workspaces/migrations/0004_auto_20211017_2049.py
munity/workspaces/migrations/0005_auto_20211017_2104.py
munity/workspaces/migrations/0006_auto_20211017_2105.py
munity/workspaces/migrations/0007_delete_environmentconfig.py
munity/workspaces/migrations/0008_alter_workspace_db_connection.py
munity/workspaces/migrations/0009_alter_workspace_slug.py
munity/workspaces/migrations/0010_alter_workspace_options.py
munity/workspaces/migrations/0011_auto_20211206_0106.py
munity/workspaces/migrations/0012_alter_workspace_name.py
munity/workspaces/migrations/0013_alter_workspace_db_connection.py
munity/workspaces/migrations/__init__.py
munityapps.egg-info/PKG-INFO
munityapps.egg-info/SOURCES.txt
munityapps.egg-info/dependency_links.txt
munityapps.egg-info/top_level.txt